Entity,Code,Year,No regime data,People living in autocracies,People living in democracies
Africa,,1800,59569230,21641080,0
Africa,,1801,59619429,21694865,0
Africa,,1802,59670621,21749022,0
Africa,,1803,59722811,21803553,0
Africa,,1804,59776010,21858464,0
Africa,,1805,59830235,21913756,0
Africa,,1806,59885488,21969430,0
Africa,,1807,59941782,22025490,0
Africa,,1808,59999136,22081940,0
Africa,,1809,60057555,22138785,0
Africa,,1810,60117882,22196425,0
Africa,,1811,60179429,22262250,0
Africa,,1812,60243541,22336778,0
Africa,,1813,60310237,22420126,0
Africa,,1814,60379784,22512422,0
Africa,,1815,60452205,22613784,0
Africa,,1816,60527530,22724343,0
Africa,,1817,58951542,24498468,0
Africa,,1818,59023205,24637349,0
Africa,,1819,59172257,24782928,0
Africa,,1820,59400056,24935344,0
Africa,,1821,59403472,25408921,0
Africa,,1822,59801660,25575859,0
Africa,,1823,60306694,25750164,0
Africa,,1824,60821858,25934815,0
Africa,,1825,61347340,26129953,0
Africa,,1826,61883302,26335729,0
Africa,,1827,62429939,26552291,0
Africa,,1828,62987435,26779793,0
Africa,,1829,63556275,27018386,0
Africa,,1830,64136672,27268229,0
Africa,,1831,64728838,27529480,0
Africa,,1832,65331994,27794114,0
Africa,,1833,65946371,28062180,0
Africa,,1834,66571870,28333724,0
Africa,,1835,67208729,28608798,0
Africa,,1836,67857162,28887449,0
Africa,,1837,68517394,29169725,0
Africa,,1838,69189663,29455680,0
Africa,,1839,69874786,29764092,0
Africa,,1840,70573044,30095523,0
Africa,,1841,71284724,30450555,0
Africa,,1842,72010133,30829778,0
Africa,,1843,72749581,31233806,0
Africa,,1844,73502803,31644522,0
Africa,,1845,74270099,32062062,0
Africa,,1846,75051762,32486540,0
Africa,,1847,75848092,32918088,0
Africa,,1848,76659402,33356836,0
Africa,,1849,77366532,33790644,0
Africa,,1850,77966964,34219106,0
Africa,,1851,78481837,34362083,0
Africa,,1852,78884978,34495079,0
Africa,,1853,79174806,34619013,0
Africa,,1854,79467045,34744277,0
Africa,,1855,79761736,34870880,0
Africa,,1856,80058947,34998836,0
Africa,,1857,80358734,35128160,0
Africa,,1858,80661157,35258863,0
Africa,,1859,80974869,35391032,0
Africa,,1860,81299808,35524678,0
Africa,,1861,81635934,35659820,0
Africa,,1862,81983162,35796471,0
Africa,,1863,82341421,35934648,0
Africa,,1864,82702048,36074293,0
Africa,,1865,83065047,36215424,0
Africa,,1866,83430436,36358054,0
Africa,,1867,83798240,36502197,0
Africa,,1868,84168468,36647866,0
Africa,,1869,84552780,36795703,0
Africa,,1870,84951358,36945727,0
Africa,,1871,85362717,37097955,0
Africa,,1872,85790377,37252409,0
Africa,,1873,86232865,37409103,0
Africa,,1874,86678682,37567440,0
Africa,,1875,87127851,37727434,0
Africa,,1876,87580401,37889102,0
Africa,,1877,78727131,47361680,0
Africa,,1878,79114779,47598477,0
Africa,,1879,79515744,47837310,0
Africa,,1880,79930067,48078250,0
Africa,,1881,80357783,48321380,0
Africa,,1882,80198351,49167370,0
Africa,,1883,80648505,49419590,0
Africa,,1884,77445729,53330545,0
Africa,,1885,73809444,57680857,0
Africa,,1886,74145141,58065082,0
Africa,,1887,74560294,58375816,0
Africa,,1888,74978322,58689682,0
Africa,,1889,74600835,59716229,0
Africa,,1890,73445889,61437559,0
Africa,,1891,70147837,65219480,0
Africa,,1892,66829302,68939552,0
Africa,,1893,61146654,74941546,0
Africa,,1894,56471641,79942747,0
Africa,,1895,51516392,85231076,0
Africa,,1896,50641538,86445957,0
Africa,,1897,50825139,86609367,0
Africa,,1898,51011210,86777340,0
Africa,,1899,45963010,92206714,0
Africa,,1900,40898087,97681312,0
Africa,,1901,41087641,97931350,0
Africa,,1902,38537934,100951989,0
Africa,,1903,38728607,101265031,0
Africa,,1904,37159507,103351878,0
Africa,,1905,37366173,103677125,0
Africa,,1906,37576023,104013484,0
Africa,,1907,37789088,104361074,0
Africa,,1908,38005390,104720001,0
Africa,,1909,38229739,105076321,0
Africa,,1910,38462057,105428906,0
Africa,,1911,37195815,107282463,0
Africa,,1912,37451597,107616439,0
Africa,,1913,37714482,107943844,0
Africa,,1914,11687329,134569887,0
Africa,,1915,11848595,135016211,0
Africa,,1916,8244432,139236740,0
Africa,,1917,8298179,139808240,0
Africa,,1918,8338326,140376686,0
Africa,,1919,5600690,143973582,0
Africa,,1920,3949368,146738692,0
Africa,,1921,3979986,148080418,0
Africa,,1922,2322289,151372929,0
Africa,,1923,2333138,153263433,0
Africa,,1924,2344037,155182151,0
Africa,,1925,2354987,157129519,0
Africa,,1926,2365987,159105975,0
Africa,,1927,2377038,161111973,0
Africa,,1928,2388139,163147982,0
Africa,,1929,2399293,165216481,0
Africa,,1930,2410497,167317940,0
Africa,,1931,2421925,169452851,0
Africa,,1932,5705678,168349415,0
Africa,,1933,5756477,170513426,0
Africa,,1934,5807800,172709877,0
Africa,,1935,5859653,174939277,0
Africa,,1936,5912041,177202143,0
Africa,,1937,5964970,179498984,0
Africa,,1938,6018447,181830331,0
Africa,,1939,6075357,184312993,0
Africa,,1940,6135790,186951576,0
Africa,,1941,6200094,189750799,0
Africa,,1942,6268099,192715495,0
Africa,,1943,6339897,195850629,0
Africa,,1944,6412699,199045007,0
Africa,,1945,6486524,202299792,0
Africa,,1946,6405395,205772154,0
Africa,,1947,2456778,213175852,0
Africa,,1948,2468285,216684526,0
Africa,,1949,2479840,220533818,0
Africa,,1950,2506267,224995551,0
Africa,,1951,2543846,229728764,0
Africa,,1952,2584767,234660264,0
Africa,,1953,2628725,239751222,0
Africa,,1954,2675651,245013754,0
Africa,,1955,2725320,250484301,0
Africa,,1956,2776621,256154825,0
Africa,,1957,2828019,261948477,0
Africa,,1958,2874298,267802739,0
Africa,,1959,2916865,273977356,0
Africa,,1960,2961911,280569425,0
Africa,,1961,3009471,285096143,2304229
Africa,,1962,3059574,284049104,10434472
Africa,,1963,4117771,281048792,19775660
Africa,,1964,4201208,293770367,14647250
Africa,,1965,4288170,291361220,24909746
Africa,,1966,4361382,307300758,17123738
Africa,,1967,4429993,317875234,15067677
Africa,,1968,4503270,325465273,16343140
Africa,,1969,4577539,340354430,10600645
Africa,,1970,4653077,349521152,10867966
Africa,,1971,4744806,358904792,11157262
Africa,,1972,4851740,377899856,2031406
Africa,,1973,4970064,388223429,2089579
Africa,,1974,5098951,399071789,2151021
Africa,,1975,5229712,410430082,2215249
Africa,,1976,5365723,422278705,2284050
Africa,,1977,5506604,434217764,2357521
Africa,,1978,5650048,446858712,2441640
Africa,,1979,5795945,377176728,85626424
Africa,,1980,5944841,388185418,88311727
Africa,,1981,6097221,412156896,78746473
Africa,,1982,6253155,424936235,81137340
Africa,,1983,6397740,518352048,2838051
Africa,,1984,6522362,533536662,2920546
Africa,,1985,6642108,549343326,3005899
Africa,,1986,6766414,545132357,23381268
Africa,,1987,6851069,561161863,23886300
Africa,,1988,6786293,577476610,24407676
Africa,,1989,6700255,615568848,3357631
Africa,,1990,6770386,631437374,4818744
Africa,,1991,6756261,634681991,18899368
Africa,,1992,6708496,642091155,28974238
Africa,,1993,4956006,635547288,55315859
Africa,,1994,5071191,582622545,125987982
Africa,,1995,5225840,597654246,128975960
Africa,,1996,5356925,600893320,144365550
Africa,,1997,5509142,620821858,143177290
Africa,,1998,5620077,634103975,149363394
Africa,,1999,5771632,517256938,286140811
Africa,,2000,6032274,519322013,304302815
Africa,,2001,6308399,532504342,311936664
Africa,,2002,6596810,512649270,353210005
Africa,,2003,6903129,666855985,221007307
Africa,,2004,7233040,684154432,226413250
Africa,,2005,7590147,693032076,240938994
Africa,,2006,7976532,706894455,251064216
Africa,,2007,8388785,725153411,257498775
Africa,,2008,8817645,783185657,225029996
Africa,,2009,9243560,863508476,170979990
Africa,,2010,9745955,897279351,164134157
Africa,,2011,0,708754274,390329451
Africa,,2012,0,738198983,389575219
Africa,,2013,0,671715856,485984996
Africa,,2014,0,694471242,493649375
Africa,,2015,0,693950868,525008719
Africa,,2016,0,749993499,500090869
Africa,,2017,0,767984933,513787905
Africa,,2018,0,788670208,525607609
Africa,,2019,0,1032597907,314270055
Africa,,2020,0,1109216076,270453989
Africa,,2021,0,1104681098,307904245
Africa,,2022,0,1153644081,292057549
Africa,,2023,0,1249228721,230345799
Africa,,2024,0,1279167350,234763333
Asia,,1800,72329974,610814256,0
Asia,,1801,72420425,612872764,0
Asia,,1802,72511073,614950603,0
Asia,,1803,72601916,617047745,0
Asia,,1804,72692953,619164173,0
Asia,,1805,72784189,621299867,0
Asia,,1806,72875618,623454821,0
Asia,,1807,72967246,625629036,0
Asia,,1808,73059071,627822514,0
Asia,,1809,73151093,630035265,0
Asia,,1810,73246124,633408759,0
Asia,,1811,73342661,636799424,0
Asia,,1812,73443531,640614635,0
Asia,,1813,73548756,644859677,0
Asia,,1814,73658360,649172740,0
Asia,,1815,73772369,653554361,0
Asia,,1816,73890803,658005083,0
Asia,,1817,74013687,662525464,0
Asia,,1818,74141044,667116064,0
Asia,,1819,74291715,671538505,0
Asia,,1820,74465892,675788198,0
Asia,,1821,74620409,679663928,0
Asia,,1822,74794832,683338341,0
Asia,,1823,75070588,687229977,0
Asia,,1824,75348197,691151793,0
Asia,,1825,75627666,695104028,0
Asia,,1826,75909014,699086917,0
Asia,,1827,76192258,703100697,0
Asia,,1828,76477405,707145614,0
Asia,,1829,76764471,710699554,0
Asia,,1830,77053471,713758670,0
Asia,,1831,77344420,716319078,0
Asia,,1832,77637030,718372266,0
Asia,,1833,77931307,719914245,0
Asia,,1834,78227273,721463355,0
Asia,,1835,78524937,723019653,0
Asia,,1836,78824315,724583186,0
Asia,,1837,79125418,726154019,0
Asia,,1838,79428263,727732210,0
Asia,,1839,79732865,729256176,0
Asia,,1840,80039242,730725887,0
Asia,,1841,80347463,732144693,0
Asia,,1842,80657556,733512631,0
Asia,,1843,80969528,734829734,0
Asia,,1844,81283403,736157672,0
Asia,,1845,81599189,737496575,0
Asia,,1846,81916909,738846572,0
Asia,,1847,82236571,740207789,0
Asia,,1848,82558202,741580366,0
Asia,,1849,82881872,742256138,0
Asia,,1850,83207597,742242549,0
Asia,,1851,83481522,741342704,0
Asia,,1852,83757051,739768064,0
Asia,,1853,84034199,737526369,0
Asia,,1854,84312918,735333031,0
Asia,,1855,84593219,733187994,0
Asia,,1856,84875114,731091198,0
Asia,,1857,85158620,729042607,0
Asia,,1858,85443752,727042176,0
Asia,,1859,85508497,725614875,0
Asia,,1860,85804244,724305927,0
Asia,,1861,86106888,723345364,0
Asia,,1862,86416517,722728773,0
Asia,,1863,86733285,722448072,0
Asia,,1864,87052358,722198123,0
Asia,,1865,87373765,721971426,0
Asia,,1866,87697538,721766469,0
Asia,,1867,87945163,721668589,0
Asia,,1868,88272198,721520192,0
Asia,,1869,88621430,721806576,0
Asia,,1870,88992971,722538125,0
Asia,,1871,89372247,723706283,0
Asia,,1872,89788651,725311472,0
Asia,,1873,90227731,727334988,0
Asia,,1874,89777328,730252746,0
Asia,,1875,90193015,732336189,0
Asia,,1876,90611051,734428181,0
Asia,,1877,91031445,736498151,0
Asia,,1878,91454215,738561730,0
Asia,,1879,91879867,741063743,0
Asia,,1880,92308421,744041851,0
Asia,,1881,92739905,747516039,0
Asia,,1882,93174339,751487057,0
Asia,,1883,93611750,755946024,0
Asia,,1884,94051640,760452719,0
Asia,,1885,94494022,765061644,0
Asia,,1886,94941260,769689156,0
Asia,,1887,95393408,774381033,0
Asia,,1888,95850518,779109068,0
Asia,,1889,96320883,783650373,0
Asia,,1890,96804842,788020505,0
Asia,,1891,97302763,792171410,0
Asia,,1892,97815011,796117120,0
Asia,,1893,98341974,799861988,0
Asia,,1894,98875752,803653799,0
Asia,,1895,96787330,810133650,0
Asia,,1896,97300187,814013540,0
Asia,,1897,97817390,817946777,0
Asia,,1898,98338989,821911185,0
Asia,,1899,98873381,826348817,0
Asia,,1900,99420533,831226016,0
Asia,,1901,99980440,836534775,0
Asia,,1902,100553053,842301557,0
Asia,,1903,101138355,848517738,0
Asia,,1904,101728035,854794834,0
Asia,,1905,102322137,861135607,0
Asia,,1906,102921141,867543547,0
Asia,,1907,103524672,874038126,0
Asia,,1908,104132769,880621049,0
Asia,,1909,104763405,887206234,0
Asia,,1910,105417181,893795072,0
Asia,,1911,105377950,901069475,0
Asia,,1912,106085579,907697428,0
Asia,,1913,106820920,914340317,0
Asia,,1914,107565133,921079270,0
Asia,,1915,108318351,927916623,0
Asia,,1916,109080720,934797543,0
Asia,,1917,109856029,941694087,0
Asia,,1918,107393708,952374432,0
Asia,,1919,108294449,959668373,0
Asia,,1920,105814367,970344537,0
Asia,,1921,93001026,991224790,0
Asia,,1922,93832237,998325011,0
Asia,,1923,94899778,1005059281,0
Asia,,1924,95982867,1011909440,0
Asia,,1925,97081753,1018879666,0
Asia,,1926,98196701,1025969085,0
Asia,,1927,99327970,1033173189,0
Asia,,1928,100475831,1040490323,0
Asia,,1929,101725085,1048534842,0
Asia,,1930,103078074,1057357715,0
Asia,,1931,104537184,1066959595,0
Asia,,1932,106104847,1077344728,0
Asia,,1933,107783561,1088473837,0
Asia,,1934,109491337,1099749129,0
Asia,,1935,111228719,1111163417,0
Asia,,1936,112996259,1122719932,0
Asia,,1937,114794533,1134417998,0
Asia,,1938,116624116,1146271005,0
Asia,,1939,118453785,1156820830,0
Asia,,1940,116022091,1171678318,0
Asia,,1941,94669970,1202848269,0
Asia,,1942,96249084,1209707659,0
Asia,,1943,97827406,1214932343,0
Asia,,1944,99437162,1219836643,0
Asia,,1945,101079068,1224822202,0
Asia,,1946,102753867,1230102974,0
Asia,,1947,68912551,912243707,359345897
Asia,,1948,39827561,927407921,381442016
Asia,,1949,40251679,938542135,382336465
Asia,,1950,42226021,951297924,373116236
Asia,,1951,43054814,968930227,381248630
Asia,,1952,43940104,861015414,517757927
Asia,,1953,44854225,880752353,528657809
Asia,,1954,73248899,873757477,539882937
Asia,,1955,75031801,894864863,551551819
Asia,,1956,76893467,955197858,524294377
Asia,,1957,78896031,978616494,535095176
Asia,,1958,81000816,1025291797,523305770
Asia,,1959,83208167,1044601008,534412923
Asia,,1960,85565020,1009934308,593583476
Asia,,1961,87948342,1018632121,608818496
Asia,,1962,90424024,1060850467,599369945
Asia,,1963,93033207,1091393690,612324059
Asia,,1964,95680316,1123001838,625578653
Asia,,1965,98346613,1152884002,638738626
Asia,,1966,101015037,1183252683,651571778
Asia,,1967,103721544,1213820487,664825050
Asia,,1968,106464072,1246104776,678523982
Asia,,1969,109228989,1279797230,692239677
Asia,,1970,111936963,1313550140,706753104
Asia,,1971,43583395,1455065220,684023948
Asia,,1972,44593922,1489893888,698119442
Asia,,1973,45612125,1420189395,817668680
Asia,,1974,46654671,1451351843,835857670
Asia,,1975,47762226,1439400337,895645307
Asia,,1976,1316398,1558215533,871079960
Asia,,1977,1352720,1674255905,802628304
Asia,,1978,1389501,1704820490,819510876
Asia,,1979,1428122,1736257825,836828614
Asia,,1980,1469058,1814369112,809434456
Asia,,1981,1512710,1849497038,826492538
Asia,,1982,1560995,1886809530,843682888
Asia,,1983,1618780,1875973436,909728670
Asia,,1984,1688613,1912059493,928867644
Asia,,1985,1745262,1949213706,948272438
Asia,,1986,1789315,1987971296,968003444
Asia,,1987,1876764,1970393171,1046112898
Asia,,1988,1977311,1804899868,1272393274
Asia,,1989,2055617,1822615834,1315569343
Asia,,1990,2139065,1744130260,1456913376
Asia,,1991,2228955,1808997479,1450990808
Asia,,1992,2324698,1779871874,1536483992
Asia,,1993,2425066,1804828872,1566502157
Asia,,1994,2529164,1828216269,1596502418
Asia,,1995,2636554,1850911894,1626693693
Asia,,1996,2746830,1851401134,1678992350
Asia,,1997,2859581,1872730516,1709946075
Asia,,1998,2962895,1893268331,1741166407
Asia,,1999,3056256,1850578994,1834938556
Asia,,2000,3151800,1867072387,1869466609
Asia,,2001,3242286,1887143575,1900348882
Asia,,2002,3322369,1932366387,1904393480
Asia,,2003,3398071,1952552223,1932521177
Asia,,2004,3475178,1969184437,1964348407
Asia,,2005,3557406,1962151468,2019777807
Asia,,2006,3645096,2024289712,2006396767
Asia,,2007,3736694,2195437470,1883896556
Asia,,2008,3829039,1884007762,2243874043
Asia,,2009,3921245,1901594145,2275700118
Asia,,2010,4016918,1940308929,2286704676
Asia,,2011,4115912,1889383745,2387131735
Asia,,2012,4215318,1907965898,2418473813
Asia,,2013,4315263,1921444917,2454134107
Asia,,2014,4415887,2167176657,2256222222
Asia,,2015,4521564,2113905014,2355673315
Asia,,2016,4632743,2132187067,2382316020
Asia,,2017,4742747,2149968873,2408421578
Asia,,2018,4850593,2213496334,2385875958
Asia,,2019,4957773,2227680976,2410303176
Asia,,2020,5069692,2239596769,2433971444
Asia,,2021,5185341,2302177759,2401457056
Asia,,2022,5305274,2311835129,2421019051
Asia,,2023,5409201,2321225670,2441868106
Asia,,2024,5495447,2584240566,2207668603
Europe,,1800,84751549,108078620,0
Europe,,1801,85186496,108481243,0
Europe,,1802,85627361,108886842,0
Europe,,1803,86074237,109295436,0
Europe,,1804,84380019,111854251,0
Europe,,1805,84839192,112268918,0
Europe,,1806,85304661,112686653,0
Europe,,1807,95251949,103632062,0
Europe,,1808,95800236,103986079,0
Europe,,1809,95406742,105291617,0
Europe,,1810,95958159,106062001,0
Europe,,1811,96509678,106862982,0
Europe,,1812,97068275,107834124,0
Europe,,1813,97634059,108985304,0
Europe,,1814,98190887,110215984,0
Europe,,1815,98644327,111623622,0
Europe,,1816,99232306,112973494,0
Europe,,1817,99827908,114395883,0
Europe,,1818,100431236,115894242,0
Europe,,1819,101081707,117301932,0
Europe,,1820,101779322,118608992,0
Europe,,1821,102527122,119804814,0
Europe,,1822,100967084,123233100,0
Europe,,1823,101787467,124193560,0
Europe,,1824,102615474,125177191,0
Europe,,1825,103454858,126184218,0
Europe,,1826,104350317,127214871,0
Europe,,1827,105254492,128269383,0
Europe,,1828,106167482,129347995,0
Europe,,1829,107080886,130418767,0
Europe,,1830,104245154,135230796,0
Europe,,1831,105086212,136317113,0
Europe,,1832,105926617,137380725,0
Europe,,1833,106766250,138421113,0
Europe,,1834,107613221,139470204,0
Europe,,1835,108467583,140528071,0
Europe,,1836,109329418,141594795,0
Europe,,1837,110198792,142670451,0
Europe,,1838,111075770,143755118,0
Europe,,1839,111946705,144800113,0
Europe,,1840,112660389,145955989,0
Europe,,1841,113521799,146921161,0
Europe,,1842,114376621,147845282,0
Europe,,1843,115224663,148727879,0
Europe,,1844,116021651,149675035,0
Europe,,1845,116883026,150571426,0
Europe,,1846,117751254,151474699,0
Europe,,1847,118626388,152384917,0
Europe,,1848,119508489,153302129,0
Europe,,1849,120401705,154231340,0
Europe,,1850,121306258,155172600,0
Europe,,1851,122229136,156105776,0
Europe,,1852,123163862,157050963,0
Europe,,1853,124110638,158008237,0
Europe,,1854,125065611,158972716,0
Europe,,1855,126028857,159944472,0
Europe,,1856,127000457,160923555,0
Europe,,1857,127980494,161910025,0
Europe,,1858,128969044,162903954,0
Europe,,1859,129980830,163916159,0
Europe,,1860,131016176,164946844,0
Europe,,1861,105876980,192188936,0
Europe,,1862,106786125,193425718,0
Europe,,1863,107717183,194684154,0
Europe,,1864,108657264,195952247,0
Europe,,1865,109606459,197230074,0
Europe,,1866,110564873,198517715,0
Europe,,1867,62736446,248611384,0
Europe,,1868,46966849,266665613,0
Europe,,1869,47335588,268635393,0
Europe,,1870,47717631,270646834,0
Europe,,1871,48116336,272646441,0
Europe,,1872,48527882,274746129,0
Europe,,1873,48952472,276891128,0
Europe,,1874,49381417,279056889,0
Europe,,1875,49814767,281243635,0
Europe,,1876,50252571,283451584,0
Europe,,1877,50694881,285680962,0
Europe,,1878,48070538,291003203,0
Europe,,1879,48480371,293311919,0
Europe,,1880,48893755,295637650,0
Europe,,1881,49308488,297980299,0
Europe,,1882,49726797,300339748,0
Europe,,1883,50148712,302715878,0
Europe,,1884,50574772,305114000,0
Europe,,1885,51005021,307534332,0
Europe,,1886,51439503,309977109,0
Europe,,1887,51878266,312442556,0
Europe,,1888,52321355,314930897,0
Europe,,1889,52767995,317458185,0
Europe,,1890,53218215,320025174,0
Europe,,1891,53680787,322632631,0
Europe,,1892,54147106,325281350,0
Europe,,1893,54617192,327972129,0
Europe,,1894,55091895,330689802,0
Europe,,1895,55571261,333434664,0
Europe,,1896,56055345,336207010,0
Europe,,1897,56544189,339007148,0
Europe,,1898,57037850,341835376,0
Europe,,1899,57536236,344723119,0
Europe,,1900,58039397,347671277,0
Europe,,1901,58552854,350680757,0
Europe,,1902,59069722,353752495,0
Europe,,1903,59591053,356887424,0
Europe,,1904,60117034,360055370,0
Europe,,1905,60647714,363256718,0
Europe,,1906,61182146,366491861,0
Europe,,1907,61723383,369761180,0
Europe,,1908,62268479,373065078,0
Europe,,1909,62768041,375878214,0
Europe,,1910,63223762,378197157,0
Europe,,1911,63627299,379990183,0
Europe,,1912,63088268,382203971,0
Europe,,1913,63400390,380556361,2468434
Europe,,1914,63718509,381369668,2493453
Europe,,1915,63985527,378638042,5580153
Europe,,1916,64193351,379453069,5641995
Europe,,1917,63305790,381358245,5704528
Europe,,1918,35420367,410977314,6949347
Europe,,1919,35745397,309188774,109740199
Europe,,1920,36073411,293346823,127043097
Europe,,1921,36404433,292349164,130386785
Europe,,1922,115886742,208259974,138256784
Europe,,1923,116954779,209696788,139463464
Europe,,1924,118032659,211147038,140671983
Europe,,1925,119120474,212620865,141902497
Europe,,1926,120218313,242275503,114948068
Europe,,1927,121326271,244220011,115719950
Europe,,1928,122444441,200221107,162461728
Europe,,1929,123572914,202157748,163187545
Europe,,1930,124711790,203988806,163986925
Europe,,1931,125861161,182015391,188527118
Europe,,1932,127021126,183343881,189690088
Europe,,1933,128191780,259906875,115541536
Europe,,1934,129373225,264629119,113242213
Europe,,1935,130565556,266352858,113960046
Europe,,1936,131768880,292899398,89863899
Europe,,1937,132983292,294885083,90337601
Europe,,1938,134208896,311496940,76344304
Europe,,1939,135445795,313287741,76788277
Europe,,1940,142187966,325022253,61231287
Europe,,1941,905,469391587,61517164
Europe,,1942,905,471243299,61802462
Europe,,1943,905,472864742,62087219
Europe,,1944,905,474607158,62373624
Europe,,1945,905,440657181,91120559
Europe,,1946,905,347260480,186235598
Europe,,1947,905,349021740,186695015
Europe,,1948,905,363745957,175483842
Europe,,1949,905,308438998,234489588
Europe,,1950,889,311290666,236248659
Europe,,1951,895,314865051,238182577
Europe,,1952,901,318504586,239894000
Europe,,1953,907,322286457,241810682
Europe,,1954,914,326187678,243766549
Europe,,1955,921,330257128,245611396
Europe,,1956,926,334265422,247424690
Europe,,1957,928,338379135,249262196
Europe,,1958,930,342687277,251160986
Europe,,1959,931,346798596,253111797
Europe,,1960,929,350104446,255639604
Europe,,1961,926,354029985,257661088
Europe,,1962,928,357635351,259812978
Europe,,1963,929,353076372,269889416
Europe,,1964,931,356165445,272173829
Europe,,1965,901,367489911,265909181
Europe,,1966,854,370137870,268046515
Europe,,1967,816,372833996,270100167
Europe,,1968,785,375510555,271999635
Europe,,1969,769,377920916,273841253
Europe,,1970,758,380053139,275733350
Europe,,1971,750,376185284,283878843
Europe,,1972,746,378911986,285817251
Europe,,1973,745,381577052,287626400
Europe,,1974,743,375434814,297700592
Europe,,1975,742,378275981,298699778
Europe,,1976,746,371810366,308912477
Europe,,1977,749,337253427,347133391
Europe,,1978,752,339337273,348475269
Europe,,1979,755,341297649,349816450
Europe,,1980,754,343144813,351310006
Europe,,1981,753,344930175,352665359
Europe,,1982,750,346856298,353702603
Europe,,1983,747,348943962,354656805
Europe,,1984,744,350996247,355637493
Europe,,1985,741,352998456,356642439
Europe,,1986,740,355074767,357587320
Europe,,1987,740,357194408,358521391
Europe,,1988,737,359150423,359494597
Europe,,1989,737,322669393,398455626
Europe,,1990,736,272645902,450902208
Europe,,1991,10091091,250776328,465722454
Europe,,1992,736,230457183,497345590
Europe,,1993,729,81288498,646987402
Europe,,1994,720,14136723,715081318
Europe,,1995,714,24347282,705386857
Europe,,1996,709,23815980,705878147
Europe,,1997,706,20457186,709224506
Europe,,1998,707,20316234,708860599
Europe,,1999,706,20171134,708508551
Europe,,2000,701,10056924,718601001
Europe,,2001,691,10004004,718693000
Europe,,2002,684,9939662,719626121
Europe,,2003,674,9869660,720940433
Europe,,2004,667,154981918,576697411
Europe,,2005,667,154332667,578150156
Europe,,2006,664,153778074,577834310
Europe,,2007,657,153490012,579356531
Europe,,2008,648,155209384,581113236
Europe,,2009,637,155239280,582485564
Europe,,2010,629,155283185,583667563
Europe,,2011,624,155378701,584802814
Europe,,2012,612,153825459,587473107
Europe,,2013,598,154140965,588186638
Europe,,2014,587,154471689,589042410
Europe,,2015,579,154869110,590257862
Europe,,2016,571,155352670,591556550
Europe,,2017,563,155758163,592592507
Europe,,2018,552,155986513,593514034
Europe,,2019,543,156045072,594408364
Europe,,2020,536,162706919,587779872
Europe,,2021,527,162000579,587588821
Europe,,2022,513,161622632,586329962
Europe,,2023,501,161407986,585194486
Europe,,2024,507,160691886,585402833
North America,,1800,1773197,12512280,0
North America,,1801,1782460,12724204,0
North America,,1802,1792561,12941101,0
North America,,1803,1803499,13163153,0
North America,,1804,1815270,13390545,0
North America,,1805,1827870,13623482,0
North America,,1806,1841304,13862174,0
North America,,1807,1855569,14106847,0
North America,,1808,1870665,14357742,0
North America,,1809,1886598,14615116,0
North America,,1810,1912289,14922942,0
North America,,1811,1937999,15230191,0
North America,,1812,1967274,15557358,0
North America,,1813,2000145,15905065,0
North America,,1814,2033945,16262350,0
North America,,1815,2068709,16629491,0
North America,,1816,2104469,17006787,0
North America,,1817,2141258,17394537,0
North America,,1818,2179112,17793052,0
North America,,1819,2218589,18178623,0
North America,,1820,2259758,18551175,0
North America,,1821,2302704,18905749,0
North America,,1822,2347498,19247113,0
North America,,1823,3004734,18967275,0
North America,,1824,3058203,19303422,0
North America,,1825,3113262,19650590,0
North America,,1826,3169964,20009138,0
North America,,1827,3228362,20379435,0
North America,,1828,3288518,20761867,0
North America,,1829,3350763,21161080,0
North America,,1830,3415183,21576938,0
North America,,1831,3481862,22009291,0
North America,,1832,3550888,22457962,0
North America,,1833,3622361,22922768,0
North America,,1834,3696094,23399246,0
North America,,1835,3772167,23887712,0
North America,,1836,3850663,24388487,0
North America,,1837,3931667,24901901,0
North America,,1838,3124202,26319357,0
North America,,1839,3082525,26999683,0
North America,,1840,2446252,28304334,0
North America,,1841,749035,30700759,0
North America,,1842,752815,31428173,0
North America,,1843,757297,32188058,0
North America,,1844,761814,32969678,0
North America,,1845,766364,33773692,0
North America,,1846,770950,34600795,0
North America,,1847,775569,35451687,0
North America,,1848,780225,36327108,0
North America,,1849,785849,37229403,0
North America,,1850,792463,38159143,0
North America,,1851,800173,39106048,0
North America,,1852,808927,40080886,0
North America,,1853,818750,41084205,0
North America,,1854,828738,42114989,0
North America,,1855,838894,43174032,0
North America,,1856,849219,44262142,0
North America,,1857,859717,45380155,0
North America,,1858,870393,46528931,0
North America,,1859,881614,47630030,0
North America,,1860,893395,48681169,0
North America,,1861,905748,49679980,0
North America,,1862,892719,50649961,0
North America,,1863,906342,51536544,0
North America,,1864,920213,52442320,0
North America,,1865,934333,53367722,0
North America,,1866,948711,54313187,0
North America,,1867,963351,55279173,0
North America,,1868,978256,56266138,0
North America,,1869,993524,57288414,0
North America,,1870,1009163,58346630,0
North America,,1871,1025186,59441416,0
North America,,1872,1041602,60573418,0
North America,,1873,1058429,61743280,0
North America,,1874,1075584,62937818,0
North America,,1875,1093076,64157542,0
North America,,1876,1110915,65402986,0
North America,,1877,1129107,66674685,0
North America,,1878,1147661,67973193,0
North America,,1879,1165528,69296578,0
North America,,1880,1182685,70645274,0
North America,,1881,1199106,72019734,0
North America,,1882,1214762,73420424,0
North America,,1883,1229630,74847814,0
North America,,1884,636716,76912899,0
North America,,1885,646118,78406232,0
North America,,1886,655706,79930606,0
North America,,1887,665488,81486684,0
North America,,1888,675463,83075156,0
North America,,1889,469607,84861378,0
North America,,1890,474588,86417430,0
North America,,1891,479643,87952778,0
North America,,1892,484774,89466084,0
North America,,1893,489979,90955952,0
North America,,1894,495267,92472253,0
North America,,1895,500640,94015457,0
North America,,1896,506098,95586051,0
North America,,1897,511643,97184522,0
North America,,1898,517277,98811381,0
North America,,1899,522807,100498475,0
North America,,1900,528247,102247538,0
North America,,1901,533608,104060352,0
North America,,1902,538896,105938747,0
North America,,1903,271497,108157227,0
North America,,1904,271103,110146857,0
North America,,1905,270734,112175403,0
North America,,1906,270388,114243649,0
North America,,1907,270064,116352410,0
North America,,1908,269763,118502508,0
North America,,1909,269499,120555862,0
North America,,1910,269268,122509454,0
North America,,1911,269071,124360173,0
North America,,1912,268906,126104833,0
North America,,1913,268770,127740170,0
North America,,1914,268650,129401471,0
North America,,1915,268546,131089173,0
North America,,1916,268458,132803731,0
North America,,1917,268383,134545605,0
North America,,1918,268292,136359952,0
North America,,1919,268804,138247898,0
North America,,1920,269929,131639147,8571309
North America,,1921,271670,133516456,8732206
North America,,1922,274033,135472029,8891519
North America,,1923,277026,137507052,9049130
North America,,1924,241919,139611962,9209535
North America,,1925,244429,141711569,9372783
North America,,1926,246977,143843986,9538925
North America,,1927,249569,146009763,9708012
North America,,1928,252199,148209448,9880096
North America,,1929,255188,150267788,10041248
North America,,1930,258549,152181469,10191122
North America,,1931,262288,153947103,10329362
North America,,1932,266419,155561239,10455609
North America,,1933,270952,157020379,10569491
North America,,1934,275577,158496760,10684614
North America,,1935,280298,159990644,10800991
North America,,1936,285118,161502295,10918635
North America,,1937,250170,163071853,11037560
North America,,1938,254975,164620079,11157781
North America,,1939,258895,166446016,11296195
North America,,1940,261919,163850574,16160556
North America,,1941,264035,166155616,16437904
North America,,1942,265228,168755338,16743209
North America,,1943,265488,171658305,17077310
North America,,1944,265791,174620218,17418188
North America,,1945,266138,177642520,17765984
North America,,1946,266526,180726685,18120840
North America,,1947,266956,183874237,18482901
North America,,1948,267429,187086745,18852318
North America,,1949,268671,189546381,20163684
North America,,1950,277437,198984172,20593020
North America,,1951,0,202695626,21083921
North America,,1952,0,212373962,15474599
North America,,1953,0,216125509,15924887
North America,,1954,0,220031725,16383104
North America,,1955,0,224096332,16831337
North America,,1956,0,228281249,17303475
North America,,1957,0,230679210,19721550
North America,,1958,0,235014652,20283809
North America,,1959,0,239625134,20798436
North America,,1960,0,243376968,22414365
North America,,1961,0,248160843,23155276
North America,,1962,0,250705232,26232793
North America,,1963,0,257964798,24533482
North America,,1964,0,262763432,25267376
North America,,1965,0,72053579,221427063
North America,,1966,0,74227593,224547810
North America,,1967,0,76085585,227850504
North America,,1968,0,79791727,229196730
North America,,1969,0,82049360,231981008
North America,,1970,0,84426395,234975816
North America,,1971,0,86825564,238158504
North America,,1972,0,89244873,241009977
North America,,1973,0,91685763,243557602
North America,,1974,0,94141060,246042334
North America,,1975,0,96599773,248523298
North America,,1976,0,99043485,250973919
North America,,1977,0,101487384,253444590
North America,,1978,0,98501390,261388537
North America,,1979,0,100914579,263978168
North America,,1980,0,103256433,266748174
North America,,1981,0,105462045,269660357
North America,,1982,0,103694831,276556426
North America,,1983,0,105831684,279616588
North America,,1984,0,103114863,287524781
North America,,1985,0,97363519,298456265
North America,,1986,0,99255795,301713199
North America,,1987,0,101165225,304964241
North America,,1988,0,103095080,308311637
North America,,1989,0,105028805,311773438
North America,,1990,0,100369497,322268340
North America,,1991,0,102207066,326642499
North America,,1992,0,104031612,331034949
North America,,1993,0,105838640,335304965
North America,,1994,0,107953778,339043150
North America,,1995,0,109744141,342984941
North America,,1996,0,103484338,354875167
North America,,1997,0,105090208,358805554
North America,,1998,0,106682388,362746623
North America,,1999,0,116412922,358546518
North America,,2000,0,19487192,461022944
North America,,2001,0,19676133,466458883
North America,,2002,0,19862119,471870422
North America,,2003,0,20047188,477247280
North America,,2004,0,20149023,482729757
North America,,2005,0,20323827,488195316
North America,,2006,0,11278550,502993462
North America,,2007,0,11287274,508938469
North America,,2008,0,11291764,515014352
North America,,2009,0,19484623,512876367
North America,,2010,0,29466594,508885881
North America,,2011,0,29757069,514580586
North America,,2012,0,30088023,520215275
North America,,2013,0,21520528,534676923
North America,,2014,0,21659021,540309576
North America,,2015,0,21798318,545772054
North America,,2016,0,28169741,544996779
North America,,2017,0,37969962,540781299
North America,,2018,0,38354772,545846550
North America,,2019,0,38735309,550764403
North America,,2020,0,39105100,554319673
North America,,2021,0,29141506,566940579
North America,,2022,0,29294087,570295656
North America,,2023,0,29480953,574531060
North America,,2024,0,36006676,572387378
Oceania,,1800,1284502,200000,0
Oceania,,1801,1277906,205195,0
Oceania,,1802,1271543,210524,0
Oceania,,1803,1265403,215992,0
Oceania,,1804,1259481,221602,0
Oceania,,1805,1253768,227357,0
Oceania,,1806,1248258,233263,0
Oceania,,1807,1242944,239321,0
Oceania,,1808,1237819,245537,0
Oceania,,1809,1232876,251914,0
Oceania,,1810,1228278,258627,0
Oceania,,1811,1223675,265344,0
Oceania,,1812,1219237,272236,0
Oceania,,1813,1214960,279307,0
Oceania,,1814,1210835,286561,0
Oceania,,1815,1206859,294004,0
Oceania,,1816,1203026,301640,0
Oceania,,1817,1199331,309474,0
Oceania,,1818,1195771,317512,0
Oceania,,1819,1193322,323943,0
Oceania,,1820,1191961,328728,0
Oceania,,1821,1191664,331827,0
Oceania,,1822,1192407,333197,0
Oceania,,1823,1194167,332795,0
Oceania,,1824,1195943,332395,0
Oceania,,1825,1197732,331994,0
Oceania,,1826,1199537,331595,0
Oceania,,1827,1201358,331195,0
Oceania,,1828,1203191,330797,0
Oceania,,1829,1204340,332089,0
Oceania,,1830,1204827,335111,0
Oceania,,1831,1204680,339904,0
Oceania,,1832,1203919,346508,0
Oceania,,1833,1202565,354966,0
Oceania,,1834,1201341,363631,0
Oceania,,1835,1200245,372507,0
Oceania,,1836,1199272,381599,0
Oceania,,1837,1198418,390914,0
Oceania,,1838,1197682,400456,0
Oceania,,1839,1197798,411303,0
Oceania,,1840,1198750,423526,0
Oceania,,1841,1127853,509885,0
Oceania,,1842,1129484,526062,0
Oceania,,1843,1131027,544752,0
Oceania,,1844,1132588,564117,0
Oceania,,1845,1115666,602678,0
Oceania,,1846,1117267,623462,0
Oceania,,1847,1118886,644995,0
Oceania,,1848,1120523,667303,0
Oceania,,1849,1122109,696046,0
Oceania,,1850,1123639,731908,0
Oceania,,1851,1126570,775503,0
Oceania,,1852,1129447,827753,0
Oceania,,1853,1132276,889535,0
Oceania,,1854,1135126,956181,0
Oceania,,1855,1138005,1028079,0
Oceania,,1856,1140908,1105650,0
Oceania,,1857,1143833,1189350,0
Oceania,,1858,1146786,1279671,0
Oceania,,1859,1149764,1364511,0
Oceania,,1860,1152772,1443062,0
Oceania,,1861,1155803,1514438,0
Oceania,,1862,1158863,1577670,0
Oceania,,1863,1161949,1631703,0
Oceania,,1864,1165065,1687995,0
Oceania,,1865,1168207,1746671,0
Oceania,,1866,1171379,1807859,0
Oceania,,1867,1174579,1871699,0
Oceania,,1868,1177808,1938339,0
Oceania,,1869,1181069,2003789,0
Oceania,,1870,1184356,2067890,0
Oceania,,1871,1187678,2130467,0
Oceania,,1872,1191028,2191334,0
Oceania,,1873,1194412,2250287,0
Oceania,,1874,1066173,2442901,0
Oceania,,1875,1048374,2527202,0
Oceania,,1876,1051539,2592758,0
Oceania,,1877,1054726,2660612,0
Oceania,,1878,1057934,2730868,0
Oceania,,1879,1061159,2805933,0
Oceania,,1880,1064407,2885949,0
Oceania,,1881,1067676,2971061,0
Oceania,,1882,1070965,3061410,0
Oceania,,1883,1074274,3157139,0
Oceania,,1884,261133,4072566,0
Oceania,,1885,262908,4176436,0
Oceania,,1886,264704,4283755,0
Oceania,,1887,266520,4394643,0
Oceania,,1888,266444,4511129,0
Oceania,,1889,268300,4618731,0
Oceania,,1890,270179,4718913,0
Oceania,,1891,272078,4811213,0
Oceania,,1892,246785,4922360,0
Oceania,,1893,124945,4417285,703920
Oceania,,1894,125427,4481477,717650
Oceania,,1895,125916,4546822,731648
Oceania,,1896,126411,4613339,745919
Oceania,,1897,126914,4681048,760468
Oceania,,1898,127424,4749976,775301
Oceania,,1899,128091,4818411,791494
Oceania,,1900,128911,4886310,809099
Oceania,,1901,129888,1198618,4583187
Oceania,,1902,95315,1240494,4664319
Oceania,,1903,96072,1247741,4745826
Oceania,,1904,96833,1255078,4828837
Oceania,,1905,97603,1262508,4913379
Oceania,,1906,35038,1333368,4999482
Oceania,,1907,35218,1341590,5087177
Oceania,,1908,35396,1349914,5176497
Oceania,,1909,35577,1349365,5269683
Oceania,,1910,35760,1340271,5366832
Oceania,,1911,35942,1322957,5468045
Oceania,,1912,36126,1297724,5573419
Oceania,,1913,36310,1264863,5683058
Oceania,,1914,36497,1233691,5794862
Oceania,,1915,36684,1204131,5908873
Oceania,,1916,36870,1176121,6025135
Oceania,,1917,37059,1149590,6143692
Oceania,,1918,37237,1123316,6265796
Oceania,,1919,37417,1103869,6389130
Oceania,,1920,37599,1091051,6513692
Oceania,,1921,37779,1084672,6639483
Oceania,,1922,37962,1084557,6766502
Oceania,,1923,38146,1090538,6894746
Oceania,,1924,38330,1097070,7025421
Oceania,,1925,38515,1104143,7158573
Oceania,,1926,38701,1111755,7294249
Oceania,,1927,38888,1119898,7432496
Oceania,,1928,39076,1128572,7573363
Oceania,,1929,39265,1141503,7700703
Oceania,,1930,39455,1159063,7814118
Oceania,,1931,39646,1181629,7913202
Oceania,,1932,39836,1209585,7997543
Oceania,,1933,40029,1243321,8066718
Oceania,,1934,40223,1279510,8136490
Oceania,,1935,40416,1318194,8206867
Oceania,,1936,40612,1359420,8277853
Oceania,,1937,40808,1403252,8349454
Oceania,,1938,41006,1449750,8421674
Oceania,,1939,41204,1498542,8507194
Oceania,,1940,41403,1549675,8606331
Oceania,,1941,41602,1603210,8719410
Oceania,,1942,41804,1659221,8846761
Oceania,,1943,42006,1717774,8988722
Oceania,,1944,42209,1779416,9132960
Oceania,,1945,42413,1844266,9279515
Oceania,,1946,42618,1912461,9428420
Oceania,,1947,4644,2022320,9579717
Oceania,,1948,4667,2097822,9733442
Oceania,,1949,4696,2170301,9902943
Oceania,,1950,4784,2245087,10088016
Oceania,,1951,4947,2291925,10369825
Oceania,,1952,5072,2342917,10628460
Oceania,,1953,5198,2400976,10863835
Oceania,,1954,5292,2462791,11094527
Oceania,,1955,5361,2528398,11344863
Oceania,,1956,5408,2597776,11609504
Oceania,,1957,5455,2670165,11872461
Oceania,,1958,5517,2745175,12132631
Oceania,,1959,5577,2822604,12393519
Oceania,,1960,5619,2901815,12660297
Oceania,,1961,5669,2978916,12930185
Oceania,,1962,5721,3053845,13191638
Oceania,,1963,5773,3129334,13451387
Oceania,,1964,5771,3204834,13717027
Oceania,,1965,5731,3281423,13993972
Oceania,,1966,5705,3353888,14281134
Oceania,,1967,5674,3431799,14540095
Oceania,,1968,5644,3509874,14790879
Oceania,,1969,5653,3591195,15063390
Oceania,,1970,5684,3143759,15959529
Oceania,,1971,5704,3218895,16413043
Oceania,,1972,5712,3295259,16781499
Oceania,,1973,5704,3372174,17063796
Oceania,,1974,5844,3450174,17335164
Oceania,,1975,0,720873,20385786
Oceania,,1976,0,738917,20643362
Oceania,,1977,0,755809,20888966
Oceania,,1978,0,482655,21421377
Oceania,,1979,0,385876,21778534
Oceania,,1980,0,274416,22179444
Oceania,,1981,0,263614,22530215
Oceania,,1982,0,264496,22898866
Oceania,,1983,0,264740,23258546
Oceania,,1984,0,264813,23601110
Oceania,,1985,0,264862,23943691
Oceania,,1986,0,265096,24301563
Oceania,,1987,0,1016616,23930070
Oceania,,1988,0,1026052,24317350
Oceania,,1989,0,1034529,24713835
Oceania,,1990,0,873042,25322521
Oceania,,1991,0,879577,25778089
Oceania,,1992,0,100045,26975760
Oceania,,1993,0,100120,27370598
Oceania,,1994,0,100187,27776676
Oceania,,1995,0,100240,28215771
Oceania,,1996,0,100294,28674275
Oceania,,1997,0,100691,29123867
Oceania,,1998,0,101406,29563091
Oceania,,1999,0,102058,30007259
Oceania,,2000,0,943608,29625961
Oceania,,2001,0,103305,30951608
Oceania,,2002,0,103888,31462031
Oceania,,2003,0,970778,31116038
Oceania,,2004,0,979457,31624838
Oceania,,2005,0,988068,32147517
Oceania,,2006,0,996636,32718031
Oceania,,2007,0,1004587,33354990
Oceania,,2008,0,1010439,34045881
Oceania,,2009,0,1014467,34741919
Oceania,,2010,0,910427,35502017
Oceania,,2011,0,912991,36129896
Oceania,,2012,0,914920,36782916
Oceania,,2013,0,916359,37459565
Oceania,,2014,0,0,39056518
Oceania,,2015,0,0,39751433
Oceania,,2016,0,0,40484398
Oceania,,2017,0,0,41232671
Oceania,,2018,0,0,41957256
Oceania,,2019,0,0,42649961
Oceania,,2020,0,0,43225119
Oceania,,2021,0,0,43702658
Oceania,,2022,0,0,44192099
Oceania,,2023,0,0,44702996
Oceania,,2024,0,0,45226292
South America,,1800,1988755,7282447,0
South America,,1801,1987441,7323214,0
South America,,1802,1986627,7367087,0
South America,,1803,1986301,7414113,0
South America,,1804,1986450,7464340,0
South America,,1805,1987060,7517817,0
South America,,1806,1988121,7574600,0
South America,,1807,1989622,7634745,0
South America,,1808,1991551,7698309,0
South America,,1809,1993898,7765358,0
South America,,1810,1997053,7858073,0
South America,,1811,1800333,8150620,0
South America,,1812,1811137,8245762,0
South America,,1813,1822057,8350931,0
South America,,1814,1833096,8459971,0
South America,,1815,1844254,8572977,0
South America,,1816,1855533,8690048,0
South America,,1817,1866934,8811283,0
South America,,1818,1878458,8936791,0
South America,,1819,1890501,9071848,0
South America,,1820,1903111,9216338,0
South America,,1821,3911038,7375438,0
South America,,1822,3970583,7492770,0
South America,,1823,4045169,7604834,0
South America,,1824,4121954,7718817,0
South America,,1825,2995701,9040051,0
South America,,1826,3066689,9168359,0
South America,,1827,3139944,9298814,0
South America,,1828,3215530,9431454,0
South America,,1829,3288591,9577601,0
South America,,1830,209843,12886984,0
South America,,1831,206671,13132697,0
South America,,1832,203585,13390723,0
South America,,1833,200585,13661583,0
South America,,1834,197666,13939465,0
South America,,1835,194828,14224600,0
South America,,1836,192067,14517221,0
South America,,1837,189382,14817582,0
South America,,1838,186771,15125932,0
South America,,1839,185273,15436028,0
South America,,1840,184887,15747981,0
South America,,1841,185612,16061907,0
South America,,1842,187450,16377930,0
South America,,1843,190402,16696181,0
South America,,1844,193431,17023311,0
South America,,1845,196537,17359636,0
South America,,1846,199723,17705491,0
South America,,1847,202993,18061213,0
South America,,1848,206346,18427164,0
South America,,1849,209468,18753048,0
South America,,1850,212347,19038411,0
South America,,1851,214827,19290048,0
South America,,1852,217039,19500231,0
South America,,1853,218972,19668295,0
South America,,1854,220931,19844184,0
South America,,1855,222916,20027922,0
South America,,1856,224929,20219541,0
South America,,1857,226969,20419074,0
South America,,1858,229038,20626571,0
South America,,1859,231496,20841780,0
South America,,1860,234361,21064145,0
South America,,1861,237645,21293110,0
South America,,1862,241367,21528145,0
South America,,1863,159475,21854778,0
South America,,1864,163693,22100742,0
South America,,1865,168024,22352154,0
South America,,1866,172469,22609117,0
South America,,1867,177031,22871750,0
South America,,1868,181714,23140177,0
South America,,1869,186526,23426087,0
South America,,1870,191470,23730290,0
South America,,1871,196550,24053605,0
South America,,1872,201770,24396848,0
South America,,1873,207133,24760831,0
South America,,1874,212639,25134865,0
South America,,1875,218291,25519082,0
South America,,1876,224093,25913615,0
South America,,1877,230050,26318601,0
South America,,1878,236165,26734188,0
South America,,1879,241588,27178369,0
South America,,1880,246293,27651642,0
South America,,1881,250254,28154578,0
South America,,1882,253442,28687806,0
South America,,1883,255830,29252035,0
South America,,1884,258241,29830117,0
South America,,1885,260674,30422563,0
South America,,1886,263130,31029932,0
South America,,1887,265608,31652800,0
South America,,1888,268111,32291785,0
South America,,1889,270624,32941480,0
South America,,1890,273149,33602137,0
South America,,1891,275685,34273954,0
South America,,1892,0,35235304,0
South America,,1893,0,35932366,0
South America,,1894,0,36646937,0
South America,,1895,0,37379399,0
South America,,1896,0,38130154,0
South America,,1897,0,38899611,0
South America,,1898,0,39688195,0
South America,,1899,0,40492785,0
South America,,1900,0,41313491,0
South America,,1901,0,42150431,0
South America,,1902,0,43003743,0
South America,,1903,0,43873585,0
South America,,1904,0,44763729,0
South America,,1905,0,45674718,0
South America,,1906,0,46607103,0
South America,,1907,0,47561454,0
South America,,1908,0,48538368,0
South America,,1909,0,49526946,0
South America,,1910,0,50526996,0
South America,,1911,0,51538305,0
South America,,1912,0,52560621,0
South America,,1913,0,53593682,0
South America,,1914,0,54648666,0
South America,,1915,0,55726062,0
South America,,1916,0,56826365,0
South America,,1917,0,57950087,0
South America,,1918,0,59082099,0
South America,,1919,0,60244320,0
South America,,1920,0,61437544,0
South America,,1921,0,62662587,0
South America,,1922,0,63920292,0
South America,,1923,0,65211521,0
South America,,1924,0,66531037,0
South America,,1925,0,67879486,0
South America,,1926,0,69257549,0
South America,,1927,0,70665913,0
South America,,1928,0,72105285,0
South America,,1929,0,73542833,0
South America,,1930,0,74977617,0
South America,,1931,0,76408644,0
South America,,1932,0,76045661,1789231
South America,,1933,0,79255273,0
South America,,1934,0,80702221,0
South America,,1935,0,82176242,0
South America,,1936,0,83677855,0
South America,,1937,0,85207585,0
South America,,1938,0,86765969,0
South America,,1939,0,88439089,0
South America,,1940,0,90231482,0
South America,,1941,0,92147826,0
South America,,1942,0,92151657,2041302
South America,,1943,0,94307918,2063955
South America,,1944,0,96517334,2086858
South America,,1945,0,98781250,2110016
South America,,1946,0,96235269,6999201
South America,,1947,0,82396857,23238369
South America,,1948,0,89526886,18568103
South America,,1949,0,91805439,18907309
South America,,1950,0,93695128,19252446
South America,,1951,0,113749732,2256416
South America,,1952,0,116899807,2281110
South America,,1953,0,120150811,2308051
South America,,1954,0,123283150,2555516
South America,,1955,0,126731495,2592237
South America,,1956,0,130289989,2630525
South America,,1957,0,133960863,2670263
South America,,1958,0,95746574,44700650
South America,,1959,0,98568554,45807599
South America,,1960,0,101461497,46946250
South America,,1961,0,104416421,48112251
South America,,1962,0,128504919,28233122
South America,,1963,0,110507570,50520354
South America,,1964,0,113626951,51746810
South America,,1965,0,116765695,52980662
South America,,1966,0,142365831,31766342
South America,,1967,0,145856880,32669108
South America,,1968,0,149357714,33573566
South America,,1969,0,152890213,34473117
South America,,1970,0,146591367,45215194
South America,,1971,0,150024180,46268212
South America,,1972,0,153552813,47312502
South America,,1973,0,145284832,60230697
South America,,1974,0,148710729,61523873
South America,,1975,0,152190271,62825827
South America,,1976,0,182030611,37853397
South America,,1977,0,186094427,38785391
South America,,1978,0,190251747,39748534
South America,,1979,0,180906574,54307509
South America,,1980,0,173641466,66889565
South America,,1981,0,177346691,68586288
South America,,1982,0,175052607,76336103
South America,,1983,0,149277733,107637163
South America,,1984,0,149435852,113048481
South America,,1985,0,17064421,250974545
South America,,1986,0,17360845,256199462
South America,,1987,0,17666094,261394830
South America,,1988,0,17579651,266979645
South America,,1989,0,754873,289292841
South America,,1990,0,1162391,294362125
South America,,1991,0,747870,300168502
South America,,1992,0,22946345,283316003
South America,,1993,0,23413783,288170435
South America,,1994,0,23881497,292969342
South America,,1995,0,24348922,297753411
South America,,1996,0,24811174,302501184
South America,,1997,0,25274149,307221856
South America,,1998,0,25738101,311978733
South America,,1999,0,26186499,316696182
South America,,2000,0,26598328,321256663
South America,,2001,0,0,352640150
South America,,2002,0,0,357278581
South America,,2003,0,0,361782507
South America,,2004,0,0,366175280
South America,,2005,0,0,370490656
South America,,2006,0,0,374711122
South America,,2007,0,0,378813279
South America,,2008,0,28053694,354741965
South America,,2009,0,28438296,358232134
South America,,2010,0,28813101,361650220
South America,,2011,0,29185220,365049962
South America,,2012,0,29553829,368452483
South America,,2013,0,29912195,371853810
South America,,2014,0,30254080,375294429
South America,,2015,0,30573968,378776192
South America,,2016,0,30765719,382354543
South America,,2017,0,30565331,386200332
South America,,2018,0,29807591,390348293
South America,,2019,0,40609482,382649694
South America,,2020,0,28444080,397476872
South America,,2021,0,28237830,399797042
South America,,2022,0,28213015,401977967
South America,,2023,0,28300861,404416456
South America,,2024,0,28405544,406893763
World,OWID_WRL,1800,221697207,760528683,0
World,OWID_WRL,1801,222274157,763301485,0
World,OWID_WRL,1802,222859786,766105179,0
World,OWID_WRL,1803,223454167,768939992,0
World,OWID_WRL,1804,221910183,773953375,0
World,OWID_WRL,1805,222522314,776851197,0
World,OWID_WRL,1806,223143450,779780941,0
World,OWID_WRL,1807,233249112,773267501,0
World,OWID_WRL,1808,233958478,776192121,0
World,OWID_WRL,1809,233728762,780098055,0
World,OWID_WRL,1810,234459785,784706827,0
World,OWID_WRL,1811,234993775,789570811,0
World,OWID_WRL,1812,235752995,794860893,0
World,OWID_WRL,1813,236530214,800800410,0
World,OWID_WRL,1814,237306907,806910028,0
World,OWID_WRL,1815,237988723,813288239,0
World,OWID_WRL,1816,238813667,819701395,0
World,OWID_WRL,1817,238000660,827935109,0
World,OWID_WRL,1818,238848826,834695010,0
World,OWID_WRL,1819,239848091,841197779,0
World,OWID_WRL,1820,241000100,847428775,0
World,OWID_WRL,1821,243956410,851490677,0
World,OWID_WRL,1822,243074065,859220380,0
World,OWID_WRL,1823,245408820,864078605,0
World,OWID_WRL,1824,247161630,869618433,0
World,OWID_WRL,1825,247736559,876440834,0
World,OWID_WRL,1826,249578824,882146609,0
World,OWID_WRL,1827,251446354,887931815,0
World,OWID_WRL,1828,253339562,893797520,0
World,OWID_WRL,1829,255245327,899207477,0
World,OWID_WRL,1830,250265150,911056728,0
World,OWID_WRL,1831,252052684,915647563,0
World,OWID_WRL,1832,253854034,919742298,0
World,OWID_WRL,1833,255669440,923336855,0
World,OWID_WRL,1834,257507466,926969625,0
World,OWID_WRL,1835,259368489,930641341,0
World,OWID_WRL,1836,261252898,934352737,0
World,OWID_WRL,1837,263161071,938104592,0
World,OWID_WRL,1838,264202352,942788753,0
World,OWID_WRL,1839,266019953,946667395,0
World,OWID_WRL,1840,267102564,951253240,0
World,OWID_WRL,1841,267216487,956788960,0
World,OWID_WRL,1842,269114060,960519856,0
World,OWID_WRL,1843,271022498,964220410,0
World,OWID_WRL,1844,272895691,968034335,0
World,OWID_WRL,1845,274830882,971866069,0
World,OWID_WRL,1846,276807865,975737559,0
World,OWID_WRL,1847,278808500,979668689,0
World,OWID_WRL,1848,280833188,983660906,0
World,OWID_WRL,1849,282767535,986956619,0
World,OWID_WRL,1850,284609268,989563717,0
World,OWID_WRL,1851,286334066,990982162,0
World,OWID_WRL,1852,287961304,991722976,0
World,OWID_WRL,1853,289489642,991795654,0
World,OWID_WRL,1854,291030369,991965378,0
World,OWID_WRL,1855,292583627,992233379,0
World,OWID_WRL,1856,294149575,992600922,0
World,OWID_WRL,1857,295728367,993069371,0
World,OWID_WRL,1858,297320171,993640166,0
World,OWID_WRL,1859,298727070,994758387,0
World,OWID_WRL,1860,300400756,995965825,0
World,OWID_WRL,1861,275918998,1023681648,0
World,OWID_WRL,1862,277478753,1025706738,0
World,OWID_WRL,1863,279019656,1028089899,0
World,OWID_WRL,1864,280660641,1030455720,0
World,OWID_WRL,1865,282315835,1032883471,0
World,OWID_WRL,1866,283985406,1035372401,0
World,OWID_WRL,1867,236794810,1086804792,0
World,OWID_WRL,1868,221745294,1106178325,0
World,OWID_WRL,1869,222870917,1109955962,0
World,OWID_WRL,1870,224046949,1114275496,0
World,OWID_WRL,1871,225260714,1119076167,0
World,OWID_WRL,1872,226541310,1124471610,0
World,OWID_WRL,1873,227873042,1130389617,0
World,OWID_WRL,1874,228191823,1137392659,0
World,OWID_WRL,1875,229495374,1143511084,0
World,OWID_WRL,1876,230830570,1149678226,0
World,OWID_WRL,1877,222867340,1165194691,0
World,OWID_WRL,1878,221081292,1174601659,0
World,OWID_WRL,1879,222344257,1181493852,0
World,OWID_WRL,1880,223625628,1188940616,0
World,OWID_WRL,1881,224923212,1196963091,0
World,OWID_WRL,1882,225638656,1206163815,0
World,OWID_WRL,1883,226968701,1215338480,0
World,OWID_WRL,1884,223228231,1229712846,0
World,OWID_WRL,1885,220478187,1243282064,0
World,OWID_WRL,1886,221709445,1252975640,0
World,OWID_WRL,1887,223029585,1262733532,0
World,OWID_WRL,1888,224360214,1272607717,0
World,OWID_WRL,1889,224698245,1283246376,0
World,OWID_WRL,1890,224486862,1294221718,0
World,OWID_WRL,1891,222158794,1307061466,0
World,OWID_WRL,1892,219522979,1319961770,0
World,OWID_WRL,1893,214720744,1334081266,703920
World,OWID_WRL,1894,211059983,1347887015,717650
World,OWID_WRL,1895,204501540,1364741068,731648
World,OWID_WRL,1896,204629580,1374996051,745919
World,OWID_WRL,1897,205825276,1384328473,760468
World,OWID_WRL,1898,207032751,1393773453,775301
World,OWID_WRL,1899,203023526,1409088321,791494
World,OWID_WRL,1900,199015175,1425025944,809099
World,OWID_WRL,1901,200284432,1432556283,4583187
World,OWID_WRL,1902,198794921,1447189025,4664319
World,OWID_WRL,1903,199825584,1459948746,4745826
World,OWID_WRL,1904,199372513,1474367746,4828837
World,OWID_WRL,1905,200704362,1487182079,4913379
World,OWID_WRL,1906,201984736,1500233012,4999482
World,OWID_WRL,1907,203342426,1513415834,5087177
World,OWID_WRL,1908,204711798,1526796918,5176497
World,OWID_WRL,1909,206066261,1539592942,5269683
World,OWID_WRL,1910,207408028,1551797856,5366832
World,OWID_WRL,1911,206506077,1565563556,5468045
World,OWID_WRL,1912,206930476,1577481016,5573419
World,OWID_WRL,1913,208240872,1585439237,8151492
World,OWID_WRL,1914,183276118,1622302653,8288315
World,OWID_WRL,1915,184457703,1629590242,11489026
World,OWID_WRL,1916,181823831,1644293569,11667130
World,OWID_WRL,1917,181765440,1656505854,11848220
World,OWID_WRL,1918,151457930,1700293799,13215143
World,OWID_WRL,1919,149946757,1612426816,116129329
World,OWID_WRL,1920,146144674,1604597794,142128098
World,OWID_WRL,1921,133694894,1628918087,145758474
World,OWID_WRL,1922,212353263,1558434792,153914805
World,OWID_WRL,1923,214502867,1571828613,155407340
World,OWID_WRL,1924,216639812,1585478698,156906939
World,OWID_WRL,1925,218840158,1599325248,158433853
World,OWID_WRL,1926,221066679,1641563853,131781242
World,OWID_WRL,1927,223319736,1656300747,132860458
World,OWID_WRL,1928,225599686,1625302717,179915187
World,OWID_WRL,1929,227991745,1640861195,180929496
World,OWID_WRL,1930,230498365,1656982610,181992165
World,OWID_WRL,1931,233122204,1649965213,206769682
World,OWID_WRL,1932,239137906,1661854509,209932471
World,OWID_WRL,1933,242042799,1756413111,134177745
World,OWID_WRL,1934,244988162,1777566616,132063317
World,OWID_WRL,1935,247974642,1795940632,132967904
World,OWID_WRL,1936,251002910,1839361043,109060387
World,OWID_WRL,1937,254033773,1858484755,109724615
World,OWID_WRL,1938,257147440,1892434074,95923759
World,OWID_WRL,1939,260275036,1910805211,96591666
World,OWID_WRL,1940,264649169,1939283878,85998174
World,OWID_WRL,1941,101176606,2121897307,86674478
World,OWID_WRL,1942,102825120,2136232669,89433734
World,OWID_WRL,1943,104475702,2151331711,90217206
World,OWID_WRL,1944,106158766,2166405776,91011630
World,OWID_WRL,1945,107875048,2146047212,120276074
World,OWID_WRL,1946,109469311,2062010023,220784059
World,OWID_WRL,1947,71641834,1742734714,597341899
World,OWID_WRL,1948,42568847,1786549857,604079721
World,OWID_WRL,1949,43005791,1751037072,665799989
World,OWID_WRL,1950,45015398,1782508528,659298377
World,OWID_WRL,1951,45604502,1832261325,653141369
World,OWID_WRL,1952,46530844,1745796950,786036096
World,OWID_WRL,1953,47489055,1781467329,799565264
World,OWID_WRL,1954,75930756,1790736575,813682633
World,OWID_WRL,1955,77763403,1828962517,827931652
World,OWID_WRL,1956,79676422,1906787120,803262571
World,OWID_WRL,1957,81730433,1946254344,818621646
World,OWID_WRL,1958,83881561,1969288214,851583846
World,OWID_WRL,1959,86131540,2006393253,866524274
World,OWID_WRL,1960,88533479,1988348459,931243992
World,OWID_WRL,1961,90964408,2013314429,952981525
World,OWID_WRL,1962,93490247,2084798918,937274948
World,OWID_WRL,1963,97157680,2097120557,990494358
World,OWID_WRL,1964,99888226,2152532867,1003130945
World,OWID_WRL,1965,102641415,2003835830,1217959250
World,OWID_WRL,1966,105382978,2080638624,1207337317
World,OWID_WRL,1967,108158027,2129903981,1225052601
World,OWID_WRL,1968,110973771,2179739920,1244427932
World,OWID_WRL,1969,113812950,2236603344,1258199090
World,OWID_WRL,1970,116596482,2277285952,1289504959
World,OWID_WRL,1971,48334655,2430223935,1279899812
World,OWID_WRL,1972,49452120,2492798675,1291072077
World,OWID_WRL,1973,50588638,2430332645,1428236754
World,OWID_WRL,1974,51760209,2472160409,1460610654
World,OWID_WRL,1975,52992680,2477617317,1528295245
World,OWID_WRL,1976,6682867,2634117617,1491747165
World,OWID_WRL,1977,6860073,2734064716,1465238163
World,OWID_WRL,1978,7040301,2780252267,1492986233
World,OWID_WRL,1979,7224822,2736939231,1612335699
World,OWID_WRL,1980,7414653,2822871658,1604873372
World,OWID_WRL,1981,7610684,2889656459,1618681230
World,OWID_WRL,1982,7814900,2937613997,1654314226
World,OWID_WRL,1983,8017267,2998643603,1677735823
World,OWID_WRL,1984,8211719,3049407930,1711600055
World,OWID_WRL,1985,8388111,2966248290,1881295277
World,OWID_WRL,1986,8556469,3005060156,1931186256
World,OWID_WRL,1987,8728573,3008597377,2018809730
World,OWID_WRL,1988,8764341,2863227684,2255904179
World,OWID_WRL,1989,8756609,2867672282,2343162714
World,OWID_WRL,1990,8910187,2750618466,2554587314
World,OWID_WRL,1991,19076307,2798290311,2588201720
World,OWID_WRL,1992,9033930,2779498214,2704130532
World,OWID_WRL,1993,7381801,2651017201,2919651416
World,OWID_WRL,1994,7601075,2556910999,3097360886
World,OWID_WRL,1995,7863108,2607106725,3130010633
World,OWID_WRL,1996,8104464,2604506240,3215286673
World,OWID_WRL,1997,8369429,2644474608,3257499148
World,OWID_WRL,1998,8583679,2680210435,3303678847
World,OWID_WRL,1999,8828594,2530708545,3534837877
World,OWID_WRL,2000,9184775,2443480452,3704275993
World,OWID_WRL,2001,9551376,2449431359,3781029187
World,OWID_WRL,2002,9919863,2474921326,3837840640
World,OWID_WRL,2003,10301874,2650295834,3744614742
World,OWID_WRL,2004,10708885,2829449267,3647988943
World,OWID_WRL,2005,11148220,2830828106,3729700446
World,OWID_WRL,2006,11622292,2897237427,3745717908
World,OWID_WRL,2007,12126136,3086372754,3641858600
World,OWID_WRL,2008,12647332,2862758700,3953819473
World,OWID_WRL,2009,13165442,2969279287,3935016092
World,OWID_WRL,2010,13763502,3052061587,3940544514
World,OWID_WRL,2011,4116536,2813372000,4278024444
World,OWID_WRL,2012,4215930,2860547112,4320972813
World,OWID_WRL,2013,4315861,2799650820,4472296039
World,OWID_WRL,2014,4416474,3068032689,4293574530
World,OWID_WRL,2015,4522143,3015097278,4435239575
World,OWID_WRL,2016,4633314,3096468696,4441799159
World,OWID_WRL,2017,4743310,3142247262,4483016292
World,OWID_WRL,2018,4851145,3226315418,4483149700
World,OWID_WRL,2019,4958316,3495668746,4295045653
World,OWID_WRL,2020,5070228,3579068944,4287226969
World,OWID_WRL,2021,5185868,3626238772,4307390401
World,OWID_WRL,2022,5305787,3684608944,4315872284
World,OWID_WRL,2023,5409702,3789644191,4281058903
World,OWID_WRL,2024,5495954,4088512022,4052342202